Rep,Smallest_Angle
<<<<<<< HEAD
=======
1,132.1262857308011
2,132.1262857308011
>>>>>>> 9eb4dca1a65c9f349758da0ea565c31b3da00ea3
