Rep,Smallest_Angle
1,40.03602423226596
2,30.855378768178582
3,38.6768256225383
4,20.729493063651432
5,22.499495097769113
6,25.939341670728794
7,21.429540749399195
8,25.208226251925254
9,20.955160779444157
10,26.00146588525078
11,25.738788616656763
12,20.209226075569887
