Rep,Smallest_Angle
1,131.4234372655012
2,144.15699391506337
