Rep,Smallest_Angle
1,132.1262857308011
2,132.1262857308011
